id;tech_id;remote_id;libelle;est_actif;cree_le;cree_par;modif_le;modif_par
1;Luxembourg Spurs;91047;middleware Switzerla;true;2019-06-20T15:56:31;Granite Configuration Buckinghamshire;2019-06-21T08:31:57;Canyon
2;Investment Account frictionless orchid;57964;robust;true;2019-06-21T11:38:14;Rubber Shirt;2019-06-21T11:23:54;deposit Chicken best-of-breed
3;RSS Buckinghamshire Officer;60193;Automated;true;2019-06-21T10:40:33;even-keeled Chair;2019-06-21T12:36:05;Granite Island
4;Regional;12874;open architecture al;false;2019-06-20T19:32:40;Credit Card Account Sleek;2019-06-20T17:45:52;Regional
5;Home;86830;Handmade Savings Acc;true;2019-06-21T05:50:20;Bedfordshire Auto Loan Account back-end;2019-06-21T03:37:46;bypass Games Customer-focused
6;Bond Markets Units European Composite Unit (EURCO) connecting generate;3047;ADP;false;2019-06-21T01:56:51;Configurable optimal;2019-06-21T05:40:32;Toys
7;overriding;8920;Brazil;false;2019-06-20T17:21:28;Investment Account Indian Rupee;2019-06-20T19:47:25;Berkshire Awesome
8;pixel Pennsylvania;58653;Connecticut empower;false;2019-06-21T06:00:59;payment Illinois dot-com;2019-06-20T15:03:15;Personal Loan Account
9;Music;22533;24/7;false;2019-06-21T10:52:26;blue scalable Car;2019-06-20T17:12:29;Small Andorra infomediaries
10;Executive Regional Wisconsin;91739;Jewelery Engineer Be;true;2019-06-20T22:40:59;Assurance Nebraska Mississippi;2019-06-21T08:00:39;override silver orchestration
