id;tech_id;remote_id;nom_fournisseur;tel;email;site_web;logo;description;est_actif;cree_le;cree_par;modif_le;modif_par
1;neural Cloned Massachusetts;98233;XSS Investment Account Investor;Fish Assoc;Rodrick60@hotmail.com;Avon Automated Shirt;Electronics;neural wireless Generic Frozen Bike;true;2019-06-21T02:17:32;Personal Loan Account Chile foreground;2019-06-21T02:21:52;Buckinghamshire Liaison Forward
2;Pre-emptive Reduced;53697;Personal Loan Account;SDD Trail;Dina47@yahoo.com;Tasty Fresh Pizza Jewelery monitoring;Russian Federation Gorgeous ROI;Computers Saint Helena Pound;false;2019-06-21T02:49:46;Tasty yellow;2019-06-20T22:19:56;Tasty backing up Cambridgeshire
3;Borders Internal;57131;payment Mayotte;optimal EX;Dejon86@yahoo.com;array;Quality-focused Quality Generic;override Salad XSS;true;2019-06-21T03:33:33;SAS;2019-06-21T14:36:24;copying
4;reboot;16075;connecting;generate A;Lexie_Hane63@gmail.com;exuding;Beauty synthesizing;Gorgeous;true;2019-06-21T14:17:17;web services copying;2019-06-21T05:19:07;Sausages bypass
5;Directives Baht Tasty Plastic Keyboard;70817;Handmade Rubber Shoes proactive Checking Account;SCSI;Waylon.Padberg74@hotmail.com;Rubber navigate;Small Fresh Gloves;Buckinghamshire compress;true;2019-06-21T14:42:20;Ball Wells;2019-06-20T16:04:02;Practical GB
6;neural Guinea Franc;22076;Licensed Kroon deposit;XSS;Camren_Bartell@hotmail.com;District THX Coordinator;grid-enabled Specialist e-services;program override red;true;2019-06-20T23:05:26;efficient RSS Neck;2019-06-20T15:29:38;teal
7;Licensed Cheese Summit;53035;Kids back-end 4th generation;Principal ;Abbey.Carroll@yahoo.com;Ethiopian Birr architectures;Networked;Handcrafted Rubber Gloves;false;2019-06-21T00:33:51;e-tailers Architect Chair;2019-06-21T03:34:48;Jordanian Dinar
8;Walks Credit Card Account;29166;El Salvador Colon US Dollar XSS;Lead senso;Deangelo_Brakus14@gmail.com;Berkshire;magenta efficient;Automotive approach Borders;false;2019-06-20T17:32:59;Small bypassing;2019-06-21T06:08:35;benchmark Planner
9;Solomon Islands Dollar;80058;green Chicken Tasty;Metal Lead;Tremayne61@yahoo.com;orchestration Accountability;alarm neural seamless;Avon invoice Malta;true;2019-06-20T19:06:55;Manors deposit Central African Republic;2019-06-20T21:10:20;Handmade Generic Concrete Tuna
10;Trafficway;61574;utilisation;out-of-the;Horacio49@hotmail.com;Angola;deposit workforce Virgin Islands, British;deposit maroon;true;2019-06-21T09:26:13;web-readiness;2019-06-21T09:50:40;indexing
