id;tech_id;remote_id;raison_sociale;nombre_salaries;est_actif;cree_le;cree_par;modif_le;modif_par
1;program;28249;killer;89409;true;2019-06-20T16:00:57;Regional deliverables neural;2019-06-21T03:17:55;Borders teal Illinois
2;empowering;59380;Electronics deposit robust;29524;true;2019-06-20T17:37:22;Lake Licensed;2019-06-20T18:53:20;Incredible Metal Chicken input world-class
3;Hat RSS Aruba;28247;functionalities;3757;false;2019-06-21T11:39:42;generate Toys;2019-06-21T04:43:59;Guinea
4;matrix;20056;orange;1009;false;2019-06-21T04:13:52;TCP;2019-06-21T13:29:06;lavender contingency alarm
5;index synthesizing;42262;superstructure secured line;71262;false;2019-06-20T19:07:41;Keyboard;2019-06-21T05:49:41;Principal redundant
6;ivory index Montenegro;14960;optimize relationships;75382;true;2019-06-21T14:14:04;reciprocal;2019-06-21T02:18:30;web-enabled Checking Account
7;executive Personal Loan Account;29655;panel quantify;10251;true;2019-06-21T02:23:53;Bedfordshire holistic Division;2019-06-20T18:52:14;Costa Rican Colon
8;Practical solid state Metal;12512;transmitting global Jewelery;5189;false;2019-06-21T11:19:06;pink invoice;2019-06-21T10:57:17;Metal input Kwacha
9;Infrastructure Bedfordshire;38051;Hat cross-platform;73444;true;2019-06-21T05:30:22;Jewelery;2019-06-20T18:35:41;Jewelery
10;Personal Loan Account indexing Intelligent;55898;Buckinghamshire hard drive Venezuela;54073;false;2019-06-21T04:25:13;paradigm Cambridgeshire;2019-06-21T11:53:12;Data
