id;tech_id;remote_id;libelle_ref;valeur_ref;est_actif;cree_le;cree_par;modif_le;modif_par
1;Money Market Account;55370;ivory Data;Unbranded;false;2019-06-20T15:20:54;Designer;2019-06-21T13:23:21;circuit Guam
2;Frozen Metal program;61821;Refined Pr;revolutionize;true;2019-06-20T21:46:50;Sleek;2019-06-21T12:41:39;Planner
3;PCI SAS;23668;Principal ;Sleek navigate Oklahoma;false;2019-06-21T08:45:39;array supply-chains Advanced;2019-06-21T05:00:20;Arizona hack
4;Fresh payment synthesize;58336;Markets;Glen Refined;true;2019-06-21T09:21:50;Assistant Industrial;2019-06-20T15:27:12;Incredible Fresh Car Tuvalu
5;Senior Optional Yemeni Rial;7543;Tuna magen;Wells;true;2019-06-20T22:00:15;iterate protocol;2019-06-20T16:45:52;Usability
6;Regional;45565;Money Mark;Mouse;true;2019-06-21T03:36:05;one-to-one Indiana;2019-06-21T12:51:52;Engineer Architect
7;Beauty dynamic schemas;60278;clear-thin;Group hard drive Personal Loan Account;false;2019-06-21T12:44:39;SCSI Aruba Chair;2019-06-21T04:51:37;transmit Ways
8;Shirt Credit Card Account disintermediate;96991;generating;Plastic Movies;false;2019-06-20T17:58:37;haptic Producer Agent;2019-06-21T01:24:00;input Accounts
9;enhance Multi-channelled purple;25144;mission-cr;Checking Account global Steel;true;2019-06-21T02:46:28;Springs connecting;2019-06-21T07:20:37;connecting Planner Refined
10;engage Granite Grocery;75513;Credit Car;Checking Account;true;2019-06-21T06:18:58;New York mesh;2019-06-21T04:13:51;International
